Assembly Name	Assembly Accession	Assembly Paired Assembly Accession	Organism Name	Organism Taxonomic ID	ANI Check status	Organism Infraspecific Names Breed	Organism Infraspecific Names Strain	Organism Infraspecific Names Cultivar	Organism Infraspecific Names Ecotype	Organism Infraspecific Names Isolate	Organism Infraspecific Names Sex	Annotation Name	Assembly Stats Total Sequence Length	Assembly Stats Total Number of Chromosomes	Assembly Stats Number of Contigs	Assembly Level	Assembly Release Date	WGS project accession	Assembly Stats Contig N50	Assembly Stats Scaffold N50	Assembly Stats Number of Scaffolds	Assembly Stats GC Percent	Assembly Sequencing Tech	Assembly Submitter	Assembly BioProject Accession	Assembly BioSample Accession	Annotation Count Gene Total	Annotation Count Gene Protein-coding	CheckM completeness	CheckM contamination
ASM584v2	GCF_000005845.2	GCA_000005845.2	Escherichia coli str. K-12 substr. MG1655	511145	OK		K-12 substr. MG1655					Annotation submitted by NCBI RefSeq	4641652	1	1	Complete Genome	2013-09-26		4641652	4641652	1	51		Univ. Wisconsin	PRJNA225	SAMN02604091	4651	4290	99.48	0.15
ASM172112v1	GCF_001721125.1	GCA_001721125.1	Escherichia coli	562	OK		FORC_028					GCF_001721125.1-RS_2025_03_23	5704396	1	1	Complete Genome	2016-09-07		5704396	5704396	1	50.5	Illumina; PacBio	Food-borne Pathogen Omics Research Center, FORC	PRJNA294502	SAMN04026657	5861	5420	99.33	0.66
ASM190035v1	GCF_001900355.1	GCA_001900355.1	Escherichia coli	562	OK		C11					GCF_001900355.1-RS_2025_06_19	5414571	1	1	Complete Genome	2016-12-12		5414571	5414571	1	51	Illumina Miseq; Roche 454 GS Junior	Nanjing Agricultural University	PRJNA269191	SAMN03252418	5211	4897	99.46	10.92
ASM190094v1	GCF_001900945.1	GCA_001900945.1	Escherichia coli	562	OK		S40					GCF_001900945.1-RS_2025_06_19	5399183	1	1	Complete Genome	2016-12-12		5399183	5399183	1	51	Illumina Miseq; Roche 454 GS Junior	Nanjing Agricultural University	PRJNA269191	SAMN03252454	5232	4974	99.51	15.57
ASM168343v1	GCF_001683435.1	GCA_001683435.1	Escherichia coli	562	OK		K-15KW01					GCF_001683435.1-RS_2025_06_17	5154641	1	1	Complete Genome	2016-07-11		5154641	5154641	1	50.5	PacBio	University of Zurich	PRJNA326753	SAMN05291917	4985	4673	99.03	0.38
ASM98787v1	GCF_000987875.1	GCA_000987875.1	Escherichia coli	562	OK		SEC470					GCF_000987875.1-RS_2025_06_14	5153435	1	1	Complete Genome	2015-05-04		5153435	5153435	1	51	Illumina	Institute of Subtropical Agriculture, Chinese Academy of Sciences	PRJNA244370	SAMN03576594	5113	4762	99.1	0.15
ASM190039v1	GCF_001900395.1	GCA_001900395.1	Escherichia coli	562	OK		D8					GCF_001900395.1-RS_2025_06_19	5130646	1	1	Complete Genome	2016-12-12		5130646	5130646	1	50.5	Illumina Miseq; Roche 454 GS Junior	Nanjing Agricultural University	PRJNA269191	SAMN03252426	4954	4608	99.04	0.48
ASM59970v1	GCF_000599705.1	GCA_000599705.1	Escherichia coli	562	OK		ST2747					GCF_000599705.1-RS_2025_06_13	5090442	1	1	Complete Genome	2014-03-19		5090442	5090442	1	51	PacBio	University of Antwerpen	PRJNA238952	SAMN02666698	4880	4390	95.98	0.91
ASM59966v1	GCF_000599665.1	GCA_000599665.1	Escherichia coli	562	OK		ST2747					GCF_000599665.1-RS_2025_06_09	5054509	1	1	Complete Genome	2014-03-19		5054509	5054509	1	50.5	PacBio	University of Antwerpen	PRJNA238952	SAMN02666696	4827	4546	99.41	0.55
ASM190033v1	GCF_001900335.1	GCA_001900335.1	Escherichia coli	562	OK		C10					GCF_001900335.1-RS_2025_06_19	5021692	1	1	Complete Genome	2016-12-12		5021692	5021692	1	51	Illumina Miseq; Roche 454 GS Junior	Nanjing Agricultural University	PRJNA269191	SAMN03252417	4855	4554	99.46	0.74
ASM102159v1	GCF_001021595.1	GCA_001021595.1	Escherichia coli	562	OK		O18					GCF_001021595.1-RS_2025_06_14	5002781	1	1	Complete Genome	2015-06-08		5002781	5002781	1	50.5	454; Illumina	Iowa State University	PRJNA239361	SAMN02666437	4887	4587	99.1	0.21
ASM59968v1	GCF_000599685.1	GCA_000599685.1	Escherichia coli	562	OK		ST2747					GCF_000599685.1-RS_2025_06_09	4998910	1	1	Complete Genome	2014-03-19		4998910	4998910	1	50.5	PacBio	University of Antwerpen	PRJNA238952	SAMN02666697	4751	4445	99.26	0.42
ASM190031v1	GCF_001900315.1	GCA_001900315.1	Escherichia coli	562	OK		C4					GCF_001900315.1-RS_2025_06_19	4990476	1	1	Complete Genome	2016-12-12		4990476	4990476	1	50.5	Illumina Miseq; Roche 454 GS Junior	Nanjing Agricultural University	PRJNA269191	SAMN03252412	4790	4560	99.43	0.21
ASM151572v1	GCF_001515725.1	GCA_001515725.1	Escherichia coli	562	OK		ACN002					GCF_001515725.1-RS_2025_06_17	4879931	1	1	Complete Genome	2016-01-15		4879931	4879931	1	50.5	454	Huazhong Agricultural University	PRJNA239653	SAMN04385793	4744	4422	99.01	0.23
ASM59964v1	GCF_000599645.1	GCA_000599645.1	Escherichia coli	562	OK		ST540					GCF_000599645.1-RS_2025_06_09	4875682	1	1	Complete Genome	2014-03-19		4875682	4875682	1	51	PacBio	University of Antwerpen	PRJNA238952	SAMN02666695	4838	4410	97.5	0.97
ASM188693v1	GCF_001886935.1	GCA_001886935.1	Escherichia coli	562	OK		FORC_041					GCF_001886935.1-RS_2025_03_23	4867152	1	1	Complete Genome	2016-11-28		4867152	4867152	1	50.5	PacBio	Food-borne Pathogen Omics Research Center, FORC	PRJNA321067	SAMN04965119	4723	4392	98.71	0.39
ASM144249v1	GCF_001442495.1	GCA_001442495.1	Escherichia coli	562	OK		YD786					GCF_001442495.1-RS_2025_03_23	4863501	1	1	Complete Genome	2015-11-10		4863501	4863501	1	50.5	PacBio	Huashan Hospital, Fudan University	PRJNA300553	SAMN04227566	4736	4383	99.15	0.27
ASM190029v1	GCF_001900295.1	GCA_001900295.1	Escherichia coli	562	OK		C1					GCF_001900295.1-RS_2025_06_19	4843023	1	1	Complete Genome	2016-12-12		4843023	4843023	1	50.5	Illumina Miseq; Roche 454 GS Junior	Nanjing Agricultural University	PRJNA269191	SAMN03252409	4644	4388	97.63	0.15
ASM186050v1	GCF_001860505.1	GCA_001860505.1	Escherichia coli	562	OK		Y5					GCF_001860505.1-RS_2025_03_23	4839266	1	1	Complete Genome	2016-11-01		4839266	4839266	1	51	PacBio	Sir Run Run Shaw Hospital, College of Medicine, Zhejiang University, Hangzhou, Zhejiang, China	PRJNA304360	SAMN04299569	4683	4348	98.41	0.57
ASM190041v1	GCF_001900415.1	GCA_001900415.1	Escherichia coli	562	OK		H5					GCF_001900415.1-RS_2025_06_19	4833228	1	1	Complete Genome	2016-12-12		4833228	4833228	1	50.5	Illumina Miseq; Roche 454 GS Junior	Nanjing Agricultural University	PRJNA269191	SAMN03252432	4687	4399	99.31	0.94
ASM190043v1	GCF_001900435.1	GCA_001900435.1	Escherichia coli	562	OK		H6					GCF_001900435.1-RS_2025_06_19	4832567	1	1	Complete Genome	2016-12-12		4832567	4832567	1	50.5	Illumina Miseq; Roche 454 GS Junior	Nanjing Agricultural University	PRJNA269191	SAMN03252433	4685	4400	99.28	0.94
ASM190037v1	GCF_001900375.1	GCA_001900375.1	Escherichia coli	562	OK		D7					GCF_001900375.1-RS_2025_06_19	4827779	1	1	Complete Genome	2016-12-12		4827779	4827779	1	51	Illumina Miseq; Roche 454 GS Junior	Nanjing Agricultural University	PRJNA269191	SAMN03252425	4663	4437	99.16	0.64
ASM59962v1	GCF_000599625.1	GCA_000599625.1	Escherichia coli	562	OK		ST540					GCF_000599625.1-RS_2025_06_09	4807977	1	1	Complete Genome	2014-03-19		4807977	4807977	1	51	PacBio	University of Antwerpen	PRJNA238952	SAMN02666434	4746	4379	97.5	0.41
ASM190045v1	GCF_001900455.1	GCA_001900455.1	Escherichia coli	562	OK		H7					GCF_001900455.1-RS_2025_06_19	4807161	1	1	Complete Genome	2016-12-12		4807161	4807161	1	51	Illumina Miseq; Roche 454 GS Junior	Nanjing Agricultural University	PRJNA269191	SAMN03252434	4654	4377	99.28	0.93
ASM190047v1	GCF_001900475.1	GCA_001900475.1	Escherichia coli	562	OK		H10					GCF_001900475.1-RS_2025_06_19	4805164	1	1	Complete Genome	2016-12-12		4805164	4805164	1	51	Illumina Miseq; Roche 454 GS Junior	Nanjing Agricultural University	PRJNA269191	SAMN03252436	4628	4379	99.55	0.29
ASM59784v1	GCF_000597845.1	GCA_000597845.1	Escherichia coli	562	OK		ST540					GCF_000597845.1-RS_2025_06_13	4758629	1	1	Complete Genome	2014-03-19		4758629	4758629	1	51	PacBio	University of Antwerpen	PRJNA238952	SAMN02647163	4690	4345	97.36	0.33
ASM190088v1	GCF_001900885.1	GCA_001900885.1	Escherichia coli	562	OK		H14					GCF_001900885.1-RS_2025_06_19	4735489	1	1	Complete Genome	2016-12-12		4735489	4735489	1	51	Illumina Miseq; Roche 454 GS Junior	Nanjing Agricultural University	PRJNA269191	SAMN03252437	4549	4321	99.52	0.44
ASM190092v1	GCF_001900925.1	GCA_001900925.1	Escherichia coli	562	OK		S21					GCF_001900925.1-RS_2025_06_19	4733615	1	1	Complete Genome	2016-12-12		4733615	4733615	1	51	Illumina Miseq; Roche 454 GS Junior	Nanjing Agricultural University	PRJNA269191	SAMN03252452	4546	4321	99.52	0.44
ASM167892v1	GCF_001678925.1	GCA_001678925.1	Escherichia coli	562	OK		H1827/12					GCF_001678925.1-RS_2025_03_23	4731493	1	1	Complete Genome	2016-07-05		4731493	4731493	1	51	Illumina and Sanger	Universidade Estadual de Campinas	PRJNA286318	SAMN03768474	4659	4348	98.84	0.15
ASM130816v1	GCF_001308165.1	GCA_001308165.1	Escherichia coli	562	OK		K-12 substr. MG1655_TMP32XR2					GCF_001308165.1-RS_2025_03_23	4641689	1	1	Complete Genome	2015-10-08		4641689	4641689	1	51	Illumina	Indian Institute of Science	PRJNA268139	SAMN03203489	4524	4228	99.48	0.15
ASM130812v1	GCF_001308125.1	GCA_001308125.1	Escherichia coli	562	OK		K-12 substr. MG1655_TMP32XR1					GCF_001308125.1-RS_2025_03_23	4641684	1	1	Complete Genome	2015-10-08		4641684	4641684	1	51	Illumina	Indian Institute of Science	PRJNA268139	SAMN03203488	4524	4227	99.48	0.15
ASM190090v1	GCF_001900905.1	GCA_001900905.1	Escherichia coli	562	OK		S3					GCF_001900905.1-RS_2025_06_19	4632368	1	1	Complete Genome	2016-12-12		4632368	4632368	1	50.5	Il;lumina Miseq; Roche 454 GS Junior	Nanjing Agricultural University	PRJNA269191	SAMN03252450	4518	4247	99.54	0.24
ASM168230v2	GCF_001682305.2	GCA_001682305.2	Escherichia coli	562	OK		EC590					GCF_001682305.2-RS_2025_06_19	4617703	1	1	Complete Genome	2017-03-24		4617703	4617703	1	51	PacBio	UNIVERSITY OF MALAYA	PRJNA325730	SAMN05252777	4502	4129	97.43	0.31
ASM118364v1	GCF_001183645.1	GCA_001183645.1	Escherichia coli	562	OK		DH1Ec095					GCF_001183645.1-RS_2025_06_14	4614223	1	1	Complete Genome	2015-07-21		4614223	4614223	1	51	Illumina	Joint Genome Institute	PRJNA290012	SAMN03861948	4482	4168	99.02	0.15
ASM118366v1	GCF_001183665.1	GCA_001183665.1	Escherichia coli	562	OK		DH1Ec104					GCF_001183665.1-RS_2025_06_14	4612363	1	1	Complete Genome	2015-07-21		4612363	4612363	1	51	Illumina	Joint Genome Institute	PRJNA290012	SAMN03863255	4483	4167	99.02	0.15
ASM118368v1	GCF_001183685.1	GCA_001183685.1	Escherichia coli	562	OK		DH1Ec169					GCF_001183685.1-RS_2025_06_15	4609522	1	1	Complete Genome	2015-07-21		4609522	4609522	1	51	Illumina	Joint Genome Institute	PRJNA290012	SAMN03863378	4482	4162	98.69	0.15
ASM166307v1	GCF_001663075.1	GCA_001663075.1	Escherichia coli	562	OK		ER1821R					GCF_001663075.1-RS_2025_03_23	4595577	1	1	Complete Genome	2016-06-15		4595577	4595577	1	51	Illumina MiSeq	University of Colroado Anschutz Medical Campus	PRJNA324607	SAMN05210771	4472	4162	99.55	0.15
ASM127658v2	GCF_001276585.2	GCA_001276585.2	Escherichia coli	562	OK		RR1					GCF_001276585.2-RS_2025_06_17	4587291	1	1	Complete Genome	2016-11-29		4587291	4587291	1	51	Illumina HiSeq	KRIBB	PRJNA272568	SAMN03384316	4461	4149	98.4	0.15
EcRV308Chr	GCF_000952955.1	GCA_000952955.1	Escherichia coli	562	OK		K-12 substr. RV308					GCF_000952955.1-RS_2025_06_08	4585620	1	1	Complete Genome	2014-09-24		4585620	4585620	1	51	454 GS FLX Titanium / Illumina HiSeq2000	Austrian Centre of Industrial Biotechnology	PRJEB6354	SAMEA2547783	4462	4163	99.24	0.15
EcHMS174Chr	GCF_000953515.1	GCA_000953515.1	Escherichia coli	562	OK		K-12 substr. HMS174					GCF_000953515.1-RS_2025_06_09	4584860	1	1	Complete Genome	2014-09-24		4584860	4584860	1	51	454 GS FLX Titanium / Illumina HiSeq2000	Austrian Centre of Industrial Biotechnology	PRJEB6353	SAMEA2547782	4461	4162	98.79	0.15
ASM172350v1	GCF_001723505.1	GCA_001723505.1	Escherichia coli	562	OK		K-12 NEB 5-alpha					GCF_001723505.1-RS_2025_06_17	4583637	1	1	Complete Genome	2016-09-13		4583637	4583637	1	51	PacBio	New England Biolabs	PRJNA341475	SAMN05725120	4470	4153	98.49	0.15
ASM83003v1	GCF_000830035.1	GCA_000830035.1	Escherichia coli	562	OK		C41(DE3)					GCF_000830035.1-RS_2025_06_14	4557511	1	1	Complete Genome	2015-01-29		4557511	4557511	1	51	454; Sanger	Stockholm University	PRJNA273434	SAMN03292179	4452	4148	99.4	0.15
ASM83314v1	GCF_000833145.1	GCA_000833145.1	Escherichia coli	562	OK		BL21 (TaKaRa)					GCF_000833145.1-RS_2025_06_14	4528118	1	1	Complete Genome	2015-02-05		4528118	4528118	1	51	Illumina HiSeq	KRIBB	PRJNA272570	SAMN03301757	4416	4111	99.4	0.15
ASM83363v2	GCF_000833635.2	GCA_000833635.2	Escherichia coli	562	OK		USML2					GCF_000833635.2-RS_2025_06_20	4502758	1	1	Complete Genome	2017-03-17		4502758	4502758	1	51	PacBio	UNIVERSITI SAINS MALAYSIA	PRJNA273553	SAMN03294311	4362	4064	98.08	0.15
ASM103941v1	GCF_001039415.1	GCA_001039415.1	Escherichia coli	562	OK		C43(DE3)					GCF_001039415.1-RS_2025_05_23	4501450	1	1	Complete Genome	2015-06-25		4501450	4501450	1	51	Illumina GAII; 454	Yonsei University	PRJNA275043	SAMN03761398	4398	4098	99.09	0.15
ASM154463v1	GCF_001544635.1	GCA_001544635.1	Escherichia coli str. K-12 substr. MG1655	511145	OK		K-12 substr. MG1655					GCF_001544635.1-RS_2025_03_23	4659625	1	1	Complete Genome	2016-02-02		4659625	4659625	1	51	Pacific Biosciences	Weill Cornell Medical College	PRJNA308372	SAMN04403366	4548	4235	99.48	0.22
ASM156633v1	GCF_001566335.1	GCA_001566335.1	Escherichia coli str. K-12 substr. MG1655	511145	OK		JW5437-1 substr. MG1655					GCF_001566335.1-RS_2025_03_23	4657541	1	1	Complete Genome	2016-02-23		4657541	4657541	1	51	PacBio	University of Idaho	PRJNA306781	SAMN04393382	4555	4236	98.94	0.15
ASM130806v1	GCF_001308065.1	GCA_001308065.1	Escherichia coli str. K-12 substr. MG1655	511145	OK		K-12 substr. MG1655					GCF_001308065.1-RS_2025_04_15	4641665	1	1	Complete Genome	2015-10-08		4641665	4641665	1	51	Illumina	Indian Institute of Science	PRJNA268139	SAMN03203487	4523	4227	99.48	0.15
PB_Esch_coli_MG12655_V1	GCF_000269645.1	GCA_000269645.2	Escherichia coli str. K-12 substr. MG1655	511145	OK		K-12 substr. MG1655					GCF_000269645.1-RS_2025_04_26	4638970	1	1	Complete Genome	2012-06-15	AKBV01	4638970	4638970	1	51	Illumina/PacBio	Broad Institute	PRJNA40075	SAMN02596920	4520	4226	99.53	0.15
Esch_coli_MG12655_V1	GCF_000273425.1	GCA_000273425.1	Escherichia coli str. K-12 substr. MG1655	511145	OK		K-12 substr. MG1655					GCF_000273425.1-RS_2025_04_26	4638970	1	1	Complete Genome	2012-06-25	AKVX01	4638970	4638970	1	51	Sanger; Illumina	Broad Institute	PRJNA40075	SAMN02597081	4521	4226	99.53	0.15
ASM80120v1	GCF_000801205.1	GCA_000801205.1	Escherichia coli str. K-12 substr. MG1655	511145	OK		K-12 substr. MG1655					GCF_000801205.1-RS_2025_06_14	4636831	1	1	Complete Genome	2014-12-15		4636831	4636831	1	51	PacBio	Pacific Biosciences	PRJNA237120	SAMN02743420	4525	4207	98.92	0.15
ASM97488v1	GCF_000974885.1	GCA_000974885.1	Escherichia coli K-12	83333	OK		K-12 MG1655					GCF_000974885.1-RS_2025_06_14	4682086	1	1	Complete Genome	2015-04-21		4682086	4682086	1	51	PacBio	New England Biolabs	PRJNA271807	SAMN03277612	4564	4255	99.4	0.15
ASM97457v1	GCF_000974575.1	GCA_000974575.1	Escherichia coli K-12	83333	OK		K-12 MG1655					GCF_000974575.1-RS_2025_06_14	4660432	1	1	Complete Genome	2015-04-21		4660432	4660432	1	51	PacBio	New England Biolabs	PRJNA271807	SAMN03277617	4552	4228	98.73	0.15
EcoliK12AG100	GCF_000981485.1	GCA_000981485.1	Escherichia coli K-12	83333	OK		K-12 substr. AG100					GCF_000981485.1-RS_2025_06_14	4638126	1	1	Complete Genome	2015-04-03		4638126	4638126	1	51	Illumina HiSeq 2500	UNIVERSITY OF EXETER	PRJEB7832	SAMEA3143339	4516	4211	98.79	0.15
ASM102094v2	GCF_001020945.2	GCA_001020945.2	Escherichia coli K-12	83333	OK		K-12 substr. GM4792					GCF_001020945.2-RS_2025_05_27	4622342	1	1	Complete Genome	2015-10-20		4622342	4622342	1	51	Illumina HiSeq	College of Life Sciences, Beijing Normal University	PRJNA224130	SAMN02404591	4494	4187	99.45	0.15
ASM102100v2	GCF_001021005.2	GCA_001021005.2	Escherichia coli K-12	83333	OK		K-12 substr. GM4792					GCF_001021005.2-RS_2025_07_16	4621656	1	1	Complete Genome	2015-10-20		4621656	4621656	1	51	Illumina HiSeq	College of Life Sciences, Beijing Normal University	PRJNA224131	SAMN02404590	4498	4188	99.45	0.15
ASM97450v1	GCF_000974505.1	GCA_000974505.1	Escherichia coli K-12	83333	OK		K-12 MG1655					GCF_000974505.1-RS_2025_06_14	4621164	1	1	Complete Genome	2015-04-21		4621164	4621164	1	51	PacBio	New England Biolabs	PRJNA271807	SAMN03277619	4517	4167	98.04	0.15
ASM97440v1	GCF_000974405.1	GCA_000974405.1	Escherichia coli K-12	83333	OK		K-12 MG1655					GCF_000974405.1-RS_2025_06_14	4619729	1	1	Complete Genome	2015-04-21		4619729	4619729	1	51	PacBio	New England Biolabs	PRJNA271807	SAMN03277616	4517	4191	98.61	0.15
ASM97486v1	GCF_000974865.1	GCA_000974865.1	Escherichia coli K-12	83333	OK		K-12 MG1655					GCF_000974865.1-RS_2025_06_14	4609629	1	1	Complete Genome	2015-04-21		4609629	4609629	1	51	PacBio	New England Biolabs	PRJNA271807	SAMN03277618	4493	4178	98.61	0.15
ASM97453v1	GCF_000974535.1	GCA_000974535.1	Escherichia coli K-12	83333	OK		K-12 MG1655					GCF_000974535.1-RS_2025_06_14	4607634	1	1	Complete Genome	2015-04-21		4607634	4607634	1	51	PacBio	New England Biolabs	PRJNA271807	SAMN03277614	4493	4179	98.61	0.15
ASM97482v1	GCF_000974825.1	GCA_000974825.1	Escherichia coli K-12	83333	OK		K-12 MG1655					GCF_000974825.1-RS_2025_06_14	4606859	1	1	Complete Genome	2015-04-21		4606859	4606859	1	51	PacBio	New England Biolabs	PRJNA271807	SAMN03277615	4491	4176	98.61	0.15
ASM97446v1	GCF_000974465.1	GCA_000974465.1	Escherichia coli K-12	83333	OK		K-12 MG1655					GCF_000974465.1-RS_2025_06_14	4604543	1	1	Complete Genome	2015-04-21		4604543	4604543	1	51	PacBio	New England Biolabs	PRJNA271807	SAMN03277613	4508	4184	98.61	0.15
ASM80076v1	GCF_000800765.1	GCA_000800765.1	Escherichia coli K-12	83333	OK		K-12 ER3413					GCF_000800765.1-RS_2025_05_23	4558660	1	1	Complete Genome	2014-12-11		4558660	4558660	1	51		New England Biolabs	PRJNA263793	SAMN03107000	4454	4131	97.26	0.21
ASM75055v1	GCF_000750555.1	GCA_000750555.1	Escherichia coli BW25113	679895	OK		K-12 substr. BW25113					GCF_000750555.1-RS_2025_06_09	4631469	1	1	Complete Genome	2014-09-09		4631469	4631469	1	51	Illumina HiSeq; Sanger	Universite de Sherbrooke	PRJNA257976	SAMN03013572	4519	4217	99.08	0.15
ASM2266v1	GCF_000022665.1	GCA_000022665.2	Escherichia coli BL21(DE3)	469008	OK		BL21(DE3)					GCF_000022665.1-RS_2025_03_23	4558953	1	1	Complete Genome	2010-05-17		4558953	4558953	1	51		Korea Research Institute of Bioscience and Biotechnology	PRJNA20713	SAMN02603478	4449	4142	99.4	0.15
ASM956v1	GCF_000009565.1	GCA_000009565.2	Escherichia coli BL21(DE3)	469008	OK		BL21(DE3)					GCF_000009565.1-RS_2025_06_09	4558947	1	1	Complete Genome	2010-12-09		4558947	4558947	1	51		Austrian Center for Biopharmaceutical Technology	PRJEA28965	SAMEA2272558	4449	4141	99.4	0.15
ASM71459v1	GCF_000714595.1	GCA_000714595.1	Escherichia coli Nissle 1917	316435	OK		Nissle 1917					GCF_000714595.1-RS_2025_06_09	5441200	1	1	Complete Genome	2014-06-27		5441200	5441200	1	50.5	Illumina; Pacific Biosciences	Bioifnormatik, Biozentrum, Uni Wuerzburg	PRJNA248167	SAMN02794012	5409	4708	97.88	3
ASM165029v1	GCF_001650295.1	GCA_001650295.1	Escherichia coli O157	1045010	OK		644-PT8					GCF_001650295.1-RS_2025_05_23	5831209	1	1	Complete Genome	2016-05-24		5831209	5831209	1	50.5	MinION; Pacific Biosciences	Public Health England	PRJNA321984	SAMN05007045	5908	5380	99.52	1.84
ASM1024v1	GCF_000010245.2	GCA_000010245.1	Escherichia coli str. K-12 substr. W3110	316407	OK		K-12 substr. W3110					GCF_000010245.2-RS_2025_04_07	4646332	1	1	Complete Genome	2006-01-23		4646332	4646332	1	51		Nara Institute of Science and Technology	PRJNA16351	SAMD00061081	4531	4225		
ASM744v1	GCF_000007445.1	GCA_000007445.1	Escherichia coli CFT073	199310	OK		CFT073					GCF_000007445.1-RS_2025_06_09	5231428	1	1	Complete Genome	2002-12-06		5231428	5231428	1	50.5		Univ. Wisconsin	PRJNA313	SAMN02604094	5109	4684	97.28	0.41
ASM1942v1	GCF_000019425.1	GCA_000019425.1	Escherichia coli str. K-12 substr. DH10B	316385	OK		K-12 substr. DH10B					GCF_000019425.1-RS_2025_06_09	4686137	1	1	Complete Genome	2008-03-14		4686137	4686137	1	51		University of Wisconsin-Madison	PRJNA20079	SAMN02604262	4590	4261	97.14	1.13
ASM1938v1	GCF_000019385.1	GCA_000019385.1	Escherichia coli ATCC 8739	481805	OK		ATCC 8739					GCF_000019385.1-RS_2025_06_13	4746218	1	1	Complete Genome	2008-03-11		4746218	4746218	1	51		US DOE Joint Genome Institute (JGI-PGF)	PRJNA18083	SAMN02598405	4574	4294	99.28	0.18
ASM2336v1	GCF_000023365.1	GCA_000023365.1	Escherichia coli DH1	536056	OK		DH1					GCF_000023365.1-RS_2025_06_13	4630707	1	1	Complete Genome	2009-10-05		4630707	4630707	1	51		US DOE Joint Genome Institute	PRJNA30031	SAMN02598470	4506	4187	99.55	0.15
ASM27010v1	GCF_000270105.1	GCA_000270105.1	Escherichia coli DH1	536056	OK		DH1					GCF_000270105.1-RS_2025_05_23	4621430	1	1	Complete Genome	2010-12-16		4621430	4621430	1	51		Symbiotic Network Design Laboratory, Graduate School of Information Science and Technology, Osaka University	PRJDA52077	SAMD00060976	4491	4174	99.04	0.12
ASM155963v1	GCF_001559635.1	GCA_001559635.1	Escherichia coli B	37762	OK		C3029					GCF_001559635.1-RS_2025_03_23	4569185	1	1	Complete Genome	2016-02-11		4569185	4569185	1	51	PacBio	New England Biolabs	PRJNA309540	SAMN04435508	4517	4168	99.22	0.24
ASM155961v2	GCF_001559615.2	GCA_001559615.2	Escherichia coli B	37762	OK		C2566					GCF_001559615.2-RS_2025_03_23	4478958	1	1	Complete Genome	2016-06-15		4478958	4478958	1	51	PacBio	New England Biolabs	PRJNA309539	SAMN04435507	4381	4065	99.36	0.15
ASM28449v1	GCF_000284495.1	GCA_000284495.1	Escherichia coli LF82	591946	OK		LF82					GCF_000284495.1-RS_2025_07_22	4773108	1	1	Complete Genome	2009-01-27		4773108	4773108	1	50.5		Genoscope	PRJNA33825	SAMEA3138414	4636	4404	99.18	0.25
ASM1798v1	GCF_000017985.1	GCA_000017985.1	Escherichia coli B str. REL606	413997	OK		REL606					GCF_000017985.1-RS_2025_06_13	4629812	1	1	Complete Genome	2009-07-15		4629812	4629812	1	51		International E. coli B Consortium	PRJNA18281	SAMN02603421	4507	4204	99.37	0.15
ASM1330v1	GCF_000013305.1	GCA_000013305.1	Escherichia coli 536	362663	OK		536					GCF_000013305.1-RS_2025_06_09	4938920	1	1	Complete Genome	2006-07-13		4938920	4938920	1	50.5		University of Goettingen	PRJNA16235	SAMN02604181	4716	4356	96.59	0.29
ASM1776v1	GCF_000017765.1	GCA_000017765.1	Escherichia coli HS	331112	OK		HS					GCF_000017765.1-RS_2025_06_09	4643538	1	1	Complete Genome	2007-09-10		4643538	4643538	1	51		TIGR	PRJNA13959	SAMN02604037	4493	4208	98.14	0.15
MYMC4100	GCF_000499485.1	GCA_000499485.1	Escherichia coli str. K-12 substr. MC4100	1403831	OK		K-12 substr. MC4100					GCF_000499485.1-RS_2025_06_09	4527247	1	1	Complete Genome	2013-11-06		4527247	4527247	1	51		EVOECOGENKIEL	PRJEB4621	SAMEA3138816	4408	4114	98.2	0.15
ASM2624v1	GCF_000026245.1	GCA_000026245.1	Escherichia coli 55989	585055	OK		55989					GCF_000026245.1-RS_2025_06_09	5154862	1	1	Complete Genome	2008-12-18		5154862	5154862	1	50.5		Institut Pasteur and Genoscope	PRJNA33413	SAMEA3138229	5066	4705	99.21	0.54
ASM2634v1	GCF_000026345.1	GCA_000026345.1	Escherichia coli IAI39	585057	OK		IAI39					GCF_000026345.1-RS_2025_06_09	5132068	1	1	Complete Genome	2008-12-18		5132068	5132068	1	50.5		Genoscope	PRJNA33411	SAMEA3138234	5015	4616	96.4	0.33
ASM105113v1	GCF_001051135.1	GCA_001051135.1	Escherichia coli ACN001	1311757	OK		ACN001					GCF_001051135.1-RS_2025_05_16	4936576	1	1	Complete Genome	2015-07-09		4936576	4936576	1	50.5	454	Huazhong Agricultural University	PRJNA194515	SAMN03852615	4805	4461	98.12	0.23
ASM2574v1	GCF_000025745.1	GCA_000025745.1	Escherichia coli IHE3034	714962	OK		IHE3034					GCF_000025745.1-RS_2025_06_09	5108383	1	1	Complete Genome	2010-04-12		5108383	5108383	1	50.5		IGS	PRJNA43693	SAMN02603334	5041	4732	99.08	0.21
ASM82710v1	GCF_000827105.1	GCA_000827105.1	Escherichia coli O157:H16	930406	OK		Santai					GCF_000827105.1-RS_2025_06_15	5104557	1	1	Complete Genome	2015-01-21		5104557	5104557	1	50.5	Illumina HiSeq	BGI	PRJNA240262	SAMN02673556	4914	4616	99.48	0.85
ASM23387v1	GCF_000233875.1	GCA_000233875.1	Escherichia coli str. 'clone D i2'	885276	OK		clone D i2					GCF_000233875.1-RS_2025_05_17	5038386	1	1	Complete Genome	2011-11-03		5038386	5038386	1	50.5		TEDA School of Biological Sciences and Biotechnology, Nankai University	PRJNA52021	SAMN02603902	4850	4518	99.24	0.21
ASM23389v1	GCF_000233895.1	GCA_000233895.1	Escherichia coli str. 'clone D i14'	885275	OK		clone D i14					GCF_000233895.1-RS_2025_05_21	5038386	1	1	Complete Genome	2011-11-03		5038386	5038386	1	50.5		TEDA School of Biological Sciences and Biotechnology, Nankai University	PRJNA52023	SAMN02603903	4849	4517	99.24	0.21
APECO18	GCF_001021615.1	GCA_001021615.1	Escherichia coli APEC O18	1401688	OK		APEC O18					GCF_001021615.1-RS_2025_06_14	5006568	1	1	Complete Genome	2015-06-08		5006568	5006568	1	50.5	454; Illumina	Iowa State University	PRJNA219414	SAMN03761813	4896	4611	98.85	0.21
ASM61800v3	GCF_000618005.3	GCA_000618005.3	Escherichia coli O157:H16 str. 98-3133	1446608	OK		98-3133					GCF_000618005.3-RS_2026_03_26	4882073	1	1	Complete Genome	2020-04-16		4882073	4882073	1	50.5	PacBio	CDC	PRJNA218110	SAMN02353067	4882	4510	98.62	0.15
ASM46851v1	GCF_000468515.1	GCA_000468515.1	Escherichia coli LY180	1335916	OK		LY180					GCF_000468515.1-RS_2025_06_09	4835601	1	1	Complete Genome	2013-09-18		4835601	4835601	1	51	Illumina GAIIx	University of Florida	PRJNA203308	SAMN02604176	4702	4422	98.71	0.22
ASM33275v1	GCF_000332755.1	GCA_000332755.1	Escherichia coli APEC O78	1274814	OK		APEC O78					GCF_000332755.1-RS_2025_05_17	4798435	1	1	Complete Genome	2013-01-23		4798435	4798435	1	50.5		Iowa State University	PRJNA184588	SAMN02603426	4718	4400	98.76	0.23
ASM72530v1	GCF_000725305.1	GCA_000725305.1	Escherichia coli KLY	1435461	OK		KLY					GCF_000725305.1-RS_2025_06_09	4718545	1	1	Complete Genome	2014-07-14		4718545	4718545	1	50.5	Illumina	Hebrew University - Balaban's Lab	PRJNA229104	SAMN02440167	4595	4289	99.19	0.15
ASM2626v1	GCF_000026265.1	GCA_000026265.1	Escherichia coli IAI1	585034	OK		IAI1					GCF_000026265.1-RS_2025_06_09	4700560	1	1	Complete Genome	2008-12-18		4700560	4700560	1	51		Genoscope	PRJNA33373	SAMEA3138230	4528	4292	99.5	0.29
ASM2234v1	GCF_000022345.1	GCA_000022345.1	Escherichia coli BW2952	595496	OK		K-12 substr. BW2952					GCF_000022345.1-RS_2025_06_09	4578159	1	1	Complete Genome	2009-06-04		4578159	4578159	1	51		TEDA School of Biological Sciences and Biotechnology, Nankai University	PRJNA33775	SAMN02603900	4490	4191	98.27	0.2
ASM2366v1	GCF_000023665.1	GCA_000023665.1	Escherichia coli 'BL21-Gold(DE3)pLysS AG'	866768	OK		BL21-Gold(DE3)pLysS AG					GCF_000023665.1-RS_2025_06_14	4570938	1	1	Complete Genome	2009-07-09		4570938	4570938	1	51		US DOE Joint Genome Institute (JGI-PGF)	PRJNA30681	SAMN00002656	4480	4160	99.23	0.15
ASM80021v1	GCF_000800215.1	GCA_000800215.1	Escherichia coli ER2796	1245474	OK		K-12 ER2796					GCF_000800215.1-RS_2025_05_17	4558663	1	1	Complete Genome	2014-12-09		4558663	4558663	1	51	PacBio RSII	New England Biolabs	PRJNA263007	SAMN03093203	4454	4132	97.26	0.21
ASM187869v1	GCF_001878695.1	GCA_001878695.1	Escherichia coli str. K-12 substr. W3110	316407	OK		K-12 substr. ZK126					GCF_001878695.1-RS_2025_03_23	4541211	1	1	Chromosome	2016-11-14		4541111	4541211	1	51	PacBio	University of Southern California	PRJNA352084	SAMN05965804	4445	4141	98.1	0.15
ASM147175v2	GCF_001471755.2	GCA_001471755.2	Escherichia coli	562	OK		FDAARGOS_170					GCF_001471755.2-RS_2025_07_14	5236233		1	Contig	2018-01-24	LORS02	5236233	5236233	1	50.5	PacBio; Illumina	University of Maryland School of Medicine Institute for Genome Sciences (IGS) - sequencing center	PRJNA231221	SAMN03996315	5122	4729	98.37	0.3
EC_K12_MG1655_Broad_SNP	GCF_000482265.1	GCA_000482265.1	Escherichia coli str. K-12 substr. MG1655	511145	OK		K-12 substr. MG1655					GCF_000482265.1-RS_2025_07_08	4638920		1	Contig	2013-10-25	AYEK01	4638920	4638920	1	51	Illumina; PacBio	Broad Institute	PRJNA217911	SAMN02596920	4520	4225	99.53	0.15
